{
  "status": "ok",
  "ch": "market.ethusdt.detail.merged",
  "ts": 1527646755650,
  "tick": {
    "amount": 172498.850171686215423964,
    "open": 519.530000000000000000,
    "close": 578.170000000000000000,
    "high": 586.050000000000000000,
    "id": 8284209358,
    "count": 122869,
    "low": 512.410000000000000000,
    "version": 8284209358,
    "ask": [
      578.260000000000000000,
      0.100000000000000000
    ],
    "vol": 94298181.700390972015702080320000000000000000,
    "bid": [
      578.230000000000000000,
      11.236900000000000000
    ]
  }
}